{
  "B1: P2 alone": {
    "n_params": 0,
    "notes": "",
    "mean_cosine": 0.7793881893157959,
    "std_cosine": 0.04117682948708534,
    "min_cosine": 0.6812921762466431,
    "max_cosine": 0.916184663772583,
    "median_cosine": 0.776462733745575
  },
  "B2: (P1+P2)/2": {
    "n_params": 0,
    "notes": "",
    "mean_cosine": 0.7492402195930481,
    "std_cosine": 0.04602321237325668,
    "min_cosine": 0.6570774912834167,
    "max_cosine": 0.895236611366272,
    "median_cosine": 0.7387429475784302
  },
  "B3: bare member": {
    "n_params": 0,
    "notes": "",
    "mean_cosine": 0.8272139430046082,
    "std_cosine": 0.03190429508686066,
    "min_cosine": 0.760012686252594,
    "max_cosine": 0.9002719521522522,
    "median_cosine": 0.8250108957290649
  },
  "S1: P2 + (adj - class)": {
    "n_params": 0,
    "notes": "",
    "mean_cosine": 0.8808697462081909,
    "std_cosine": 0.012963922694325447,
    "min_cosine": 0.8369798064231873,
    "max_cosine": 0.9106525778770447,
    "median_cosine": 0.8816121816635132
  },
  "S2: member + P1 - class": {
    "n_params": 0,
    "notes": "",
    "mean_cosine": 0.814164400100708,
    "std_cosine": 0.021618640050292015,
    "min_cosine": 0.7494567036628723,
    "max_cosine": 0.8638664484024048,
    "median_cosine": 0.815787672996521
  },
  "R1: \u03b1P1 + \u03b2P2": {
    "n_params": 2,
    "notes": "\u03b1=0.1526, \u03b2=0.6922",
    "mean_cosine": 0.7895404100418091,
    "std_cosine": 0.043023355305194855,
    "min_cosine": 0.7008306980133057,
    "max_cosine": 0.9292859435081482,
    "median_cosine": 0.7829623222351074
  },
  "R2: P2 + \u03b3P1": {
    "n_params": 1,
    "notes": "\u03b3=-0.0234",
    "mean_cosine": 0.776798665523529,
    "std_cosine": 0.04103299230337143,
    "min_cosine": 0.6776418089866638,
    "max_cosine": 0.912901759147644,
    "median_cosine": 0.7742645740509033
  },
  "R3: \u03b1\u00b7member + \u03b2\u00b7adj": {
    "n_params": 2,
    "notes": "\u03b1=0.6573, \u03b2=0.3254",
    "mean_cosine": 0.8725907206535339,
    "std_cosine": 0.022542482241988182,
    "min_cosine": 0.8236360549926758,
    "max_cosine": 0.9195137023925781,
    "median_cosine": 0.8721091747283936
  },
  "R3b: \u03b1\u00b7m + \u03b2\u00b7adj + \u03b3\u00b7class": {
    "n_params": 3,
    "notes": "\u03b1=0.7128, \u03b2=0.4094, \u03b3=-0.1947",
    "mean_cosine": 0.8856237530708313,
    "std_cosine": 0.021664943546056747,
    "min_cosine": 0.8264185786247253,
    "max_cosine": 0.933681845664978,
    "median_cosine": 0.8860433101654053
  },
  "R4: \u03b1P1 + \u03b2P2 + \u03b3\u00b7m + \u03b4\u00b7adj": {
    "n_params": 4,
    "notes": "\u03b1=-0.0021, \u03b2=0.2972, \u03b3=0.4170, \u03b4=0.3210",
    "mean_cosine": 0.8888276219367981,
    "std_cosine": 0.01731167733669281,
    "min_cosine": 0.8419535160064697,
    "max_cosine": 0.9395796060562134,
    "median_cosine": 0.889286994934082
  },
  "R4b: all 5 inputs": {
    "n_params": 5,
    "notes": "\u03b1=0.1224, \u03b2=0.5423, \u03b3=0.3437, \u03b4=0.4363, \u03b5=-0.4638",
    "mean_cosine": 0.9367524981498718,
    "std_cosine": 0.010133396834135056,
    "min_cosine": 0.8961746692657471,
    "max_cosine": 0.9624329209327698,
    "median_cosine": 0.937398374080658
  },
  "R5: P2 + \u03bc (train)": {
    "n_params": 1024,
    "notes": "",
    "mean_cosine": 0.8209943771362305,
    "std_cosine": 0.03302741423249245,
    "min_cosine": 0.7252984642982483,
    "max_cosine": 0.9094275832176208,
    "median_cosine": 0.8210554122924805
  },
  "R5: P2 + \u03bc (CV)": {
    "n_params": 1024,
    "notes": "leave-one-member-out",
    "mean_cosine": 0.8198017444014549,
    "std_cosine": 0.03322720312627615,
    "min_cosine": 0.7235280871391296
  },
  "R6: \u03b1\u00b7m + \u03b2\u00b7adj + \u03bc (train)": {
    "n_params": 1026,
    "notes": "\u03b1=0.8319, \u03b2=0.5883",
    "mean_cosine": 0.9519110321998596,
    "std_cosine": 0.009754386730492115,
    "min_cosine": 0.9204878211021423,
    "max_cosine": 0.9713493585586548,
    "median_cosine": 0.9537794589996338
  },
  "R6: \u03b1\u00b7m + \u03b2\u00b7adj + \u03bc (CV)": {
    "n_params": 1026,
    "notes": "leave-one-member-out",
    "mean_cosine": 0.9478226834535599,
    "std_cosine": 0.010492960630595481,
    "min_cosine": 0.9132118821144104
  },
  "fitted_coefficients": {
    "R1_alpha_beta": [
      0.15259486436843872,
      0.692155659198761
    ],
    "R2_gamma": -0.023387663066387177,
    "R3_alpha_beta": [
      0.6572729349136353,
      0.3254270553588867
    ],
    "R3b_alpha_beta_gamma": [
      0.7128317952156067,
      0.40940892696380615,
      -0.19473962485790253
    ],
    "R4_all": [
      -0.0021187083330005407,
      0.2972009479999542,
      0.4170265197753906,
      0.3209664821624756
    ],
    "R4b_all": [
      0.12239089608192444,
      0.5423129796981812,
      0.343699187040329,
      0.4362501800060272,
      -0.4637589454650879
    ],
    "R6_alpha_beta": [
      0.831865668296814,
      0.5883324146270752
    ]
  }
}