{
  "residual_analysis": {
    "R1_to_adj": 0.11495138704776764,
    "R1_to_member": -0.14319387078285217,
    "R1_to_class": -0.40225982666015625,
    "R2_to_member": 0.37547019124031067,
    "R2_to_adj": -0.1681685447692871,
    "R2_to_class": -0.41031354665756226
  },
  "bridge_detection": {
    "accuracy": 0.999,
    "mean_member_score": 0.39454800134897233,
    "mean_class_score": 0.652515967965126,
    "mean_adj_score": 0.44194004327058795
  },
  "models": {
    "L1: (P1-K) + (P2-K)": {
      "n_params": 0,
      "notes": "P1 + P2 - 2K",
      "mean": 0.38478732109069824,
      "std": 0.04005749896168709,
      "min": 0.27520751953125,
      "max": 0.48755574226379395
    },
    "L2: P2 + (P1-K)": {
      "n_params": 0,
      "notes": "P1 + P2 - K",
      "mean": 0.7608339786529541,
      "std": 0.04237177222967148,
      "min": 0.6349673867225647,
      "max": 0.858015239238739
    },
    "L3: norm(P1-K) + norm(P2-K)": {
      "n_params": 0,
      "notes": "direction-only residuals",
      "mean": 0.3830036222934723,
      "std": 0.038200147449970245,
      "min": 0.27569738030433655,
      "max": 0.4809591472148895
    },
    "L4: P2 + (A - K)": {
      "n_params": 0,
      "notes": "previous S1, reference",
      "mean": 0.8808697462081909,
      "std": 0.012963922694325447,
      "min": 0.8369798064231873,
      "max": 0.9106525778770447
    },
    "L5: (P1-K) + (P2-K) + K": {
      "n_params": 0,
      "notes": "= P1 + P2 - K = L2",
      "mean": 0.7608339786529541,
      "std": 0.04237177222967148,
      "min": 0.6349673867225647,
      "max": 0.858015239238739
    },
    "L6: P1 + P2 - 0.5K": {
      "n_params": 0,
      "notes": "partial removal",
      "mean": 0.7846288084983826,
      "std": 0.044892292469739914,
      "min": 0.6748663187026978,
      "max": 0.9077121019363403
    },
    "S1: \u03b1(P1-K) + \u03b2(P2-K)": {
      "n_params": 2,
      "notes": "\u03b1=0.0220, \u03b2=0.5443",
      "mean": 0.4544332027435303,
      "std": 0.03919124975800514,
      "min": 0.34287476539611816,
      "max": 0.5610607862472534
    },
    "S2: \u03b1(P1-K) + \u03b2(P2-K) + \u03bc": {
      "n_params": 1026,
      "notes": "\u03b1=0.3318, \u03b2=0.6626",
      "mean": 0.8788262009620667,
      "std": 0.01429053209722042,
      "min": 0.8332457542419434,
      "max": 0.9187678694725037
    },
    "S2: \u03b1(P1-K)+\u03b2(P2-K)+\u03bc (CV)": {
      "n_params": 1026,
      "notes": "leave-one-member-out",
      "mean": 0.8729086468815803,
      "std": 0.015092344638274262,
      "min": 0.8253611922264099,
      "max": 0.9146261811256409
    },
    "Proj1: proj\u22a5K(P1) + proj\u22a5K(P2)": {
      "n_params": 0,
      "notes": "remove K direction from both",
      "mean": 0.6746374368667603,
      "std": 0.042274460196495056,
      "min": 0.5453504920005798,
      "max": 0.7926940321922302
    },
    "Proj2: P2 + proj\u22a5K(P1)": {
      "n_params": 0,
      "notes": "keep P2, project out K from P1 only",
      "mean": 0.7875011563301086,
      "std": 0.0439433827996254,
      "min": 0.670541524887085,
      "max": 0.9017593264579773
    },
    "Proj3: P1 + proj\u22a5K(P2)": {
      "n_params": 0,
      "notes": "keep P1, project out K from P2 only",
      "mean": 0.787265956401825,
      "std": 0.04443280026316643,
      "min": 0.6707193851470947,
      "max": 0.9046143889427185
    },
    "E2E: auto-detect \u2192 P2+(prop-bridge)": {
      "n_params": 0,
      "notes": "fully automatic synthesis",
      "mean": 0.8551285862922668,
      "std": 0.0786847248673439,
      "min": 0.2473715990781784,
      "max": 0.9106525778770447
    }
  }
}