{
  "gap_rate": {
    "gap_count": 279,
    "gap_rate": 0.279,
    "weakest_counts": {
      "P1\u2194P2": 279,
      "P1\u2194C": 721,
      "P2\u2194C": 0
    },
    "mean_P1_P2": 0.571660766929388,
    "mean_P1_C": 0.5482730885744095,
    "mean_P2_C": 0.7793881541490555,
    "std_P1_P2": 0.05649135244035053,
    "std_P1_C": 0.048674373546677,
    "std_P2_C": 0.04117682841624938
  },
  "per_component": {
    "by_member": {
      "Socrates": {
        "gap_rate": 0.21,
        "mean_P1_P2": 0.5881543743610382,
        "mean_P1_C": 0.5451210579276085,
        "mean_P2_C": 0.787108171582222
      },
      "Aristotle": {
        "gap_rate": 0.28,
        "mean_P1_P2": 0.587125646173954,
        "mean_P1_C": 0.5652305704355239,
        "mean_P2_C": 0.802305783033371
      },
      "Einstein": {
        "gap_rate": 0.2,
        "mean_P1_P2": 0.5690576213598252,
        "mean_P1_C": 0.5372532498836518,
        "mean_P2_C": 0.7539503329992294
      },
      "Mozart": {
        "gap_rate": 0.27,
        "mean_P1_P2": 0.5432850617170334,
        "mean_P1_C": 0.5228782775998115,
        "mean_P2_C": 0.7735936278104782
      },
      "Shakespeare": {
        "gap_rate": 0.27,
        "mean_P1_P2": 0.5648172330856324,
        "mean_P1_C": 0.5440536800026894,
        "mean_P2_C": 0.7505304980278015
      },
      "Cleopatra": {
        "gap_rate": 0.34,
        "mean_P1_P2": 0.5549346548318863,
        "mean_P1_C": 0.5393404740095139,
        "mean_P2_C": 0.7950138878822327
      },
      "Darwin": {
        "gap_rate": 0.52,
        "mean_P1_P2": 0.6021629002690315,
        "mean_P1_C": 0.6089414209127426,
        "mean_P2_C": 0.7788078552484512
      },
      "Galileo": {
        "gap_rate": 0.19,
        "mean_P1_P2": 0.5640668886899948,
        "mean_P1_C": 0.5286021602153778,
        "mean_P2_C": 0.7906542521715164
      },
      "Confucius": {
        "gap_rate": 0.23,
        "mean_P1_P2": 0.5689160630106926,
        "mean_P1_C": 0.5356699967384339,
        "mean_P2_C": 0.7647977411746979
      },
      "Archimedes": {
        "gap_rate": 0.28,
        "mean_P1_P2": 0.5740872257947922,
        "mean_P1_C": 0.5556399980187416,
        "mean_P2_C": 0.7971193915605546
      }
    },
    "by_class": {
      "human": {
        "gap_rate": 1.0,
        "mean_P1_P2": 0.4821247038245201,
        "mean_P1_C": 0.6144043827056884,
        "mean_P2_C": 0.8531752765178681
      },
      "bird": {
        "gap_rate": 0.2,
        "mean_P1_P2": 0.5788988050818443,
        "mean_P1_C": 0.5433344873785972,
        "mean_P2_C": 0.7736007523536682
      },
      "cat": {
        "gap_rate": 0.09,
        "mean_P1_P2": 0.5774206328392029,
        "mean_P1_C": 0.5226894181966781,
        "mean_P2_C": 0.7375345224142075
      },
      "dog": {
        "gap_rate": 0.43,
        "mean_P1_P2": 0.5335662034153938,
        "mean_P1_C": 0.5311461734771729,
        "mean_P2_C": 0.7644882547855377
      },
      "flower": {
        "gap_rate": 0.01,
        "mean_P1_P2": 0.6038501667976379,
        "mean_P1_C": 0.5404018411040306,
        "mean_P2_C": 0.7653011053800582
      },
      "insect": {
        "gap_rate": 0.05,
        "mean_P1_P2": 0.6101025557518005,
        "mean_P1_C": 0.5416118749976158,
        "mean_P2_C": 0.7662358415126801
      },
      "reptile": {
        "gap_rate": 0.2,
        "mean_P1_P2": 0.5979729533195496,
        "mean_P1_C": 0.5567849853634834,
        "mean_P2_C": 0.775928475856781
      },
      "mammal": {
        "gap_rate": 0.54,
        "mean_P1_P2": 0.5628276336193084,
        "mean_P1_C": 0.5728662601113319,
        "mean_P2_C": 0.7952998262643814
      },
      "vehicle": {
        "gap_rate": 0.26,
        "mean_P1_P2": 0.5390008819103241,
        "mean_P1_C": 0.5088644912838935,
        "mean_P2_C": 0.7947250628471374
      },
      "mineral": {
        "gap_rate": 0.01,
        "mean_P1_P2": 0.6308431327342987,
        "mean_P1_C": 0.5506269711256028,
        "mean_P2_C": 0.7675924235582352
      }
    },
    "by_adjective": {
      "mortal": {
        "gap_rate": 0.18,
        "mean_P1_P2": 0.5755187693238258,
        "mean_P1_C": 0.5453326034545899,
        "mean_P2_C": 0.7846583491563797
      },
      "beautiful": {
        "gap_rate": 0.26,
        "mean_P1_P2": 0.5843229264020919,
        "mean_P1_C": 0.5612739941477776,
        "mean_P2_C": 0.7934191435575485
      },
      "dangerous": {
        "gap_rate": 0.32,
        "mean_P1_P2": 0.5300393313169479,
        "mean_P1_C": 0.5224757814407348,
        "mean_P2_C": 0.7623084449768066
      },
      "ancient": {
        "gap_rate": 0.18,
        "mean_P1_P2": 0.5939642721414566,
        "mean_P1_C": 0.5574207440018654,
        "mean_P2_C": 0.7938529062271118
      },
      "fragile": {
        "gap_rate": 0.45,
        "mean_P1_P2": 0.5451354610919953,
        "mean_P1_C": 0.5481833162903785,
        "mean_P2_C": 0.7630504500865937
      },
      "powerful": {
        "gap_rate": 0.11,
        "mean_P1_P2": 0.5854871293902397,
        "mean_P1_C": 0.5146111258864403,
        "mean_P2_C": 0.7921307694911957
      },
      "mysterious": {
        "gap_rate": 0.28,
        "mean_P1_P2": 0.593414614200592,
        "mean_P1_C": 0.5794333750009537,
        "mean_P2_C": 0.7824514925479888
      },
      "resilient": {
        "gap_rate": 0.66,
        "mean_P1_P2": 0.536486198604107,
        "mean_P1_C": 0.5710283926129341,
        "mean_P2_C": 0.7545909094810486
      },
      "valuable": {
        "gap_rate": 0.21,
        "mean_P1_P2": 0.565734036564827,
        "mean_P1_C": 0.5307350245118141,
        "mean_P2_C": 0.7811759394407273
      },
      "complex": {
        "gap_rate": 0.14,
        "mean_P1_P2": 0.6065049302577973,
        "mean_P1_C": 0.5522365283966064,
        "mean_P2_C": 0.7862431365251541
      }
    }
  },
  "bare_word_pull": {
    "summary": {
      "Member_P2": {
        "role": "subject",
        "pull": 0.3382857864764002,
        "baseline": 0.3945480013489724
      },
      "Member_C": {
        "role": "subject",
        "pull": 0.3463902139663696,
        "baseline": 0.3945480013489724
      },
      "Class_P1": {
        "role": "subject",
        "pull": 0.24407220294078188,
        "baseline": 0.406717238932848
      },
      "Class_P2": {
        "role": "object",
        "pull": 0.21374289277527064,
        "baseline": 0.406717238932848
      },
      "Adjective_P1": {
        "role": "predicate",
        "pull": 0.22659404860602486,
        "baseline": 0.44194004327058795
      },
      "Adjective_C": {
        "role": "predicate",
        "pull": 0.2142279787196053,
        "baseline": 0.44194004327058795
      }
    },
    "role_summary": {
      "subject_pull": 0.30958273446118395,
      "object_pull": 0.21374289277527064,
      "predicate_pull": 0.22041101366281507
    },
    "per_member": {
      "Socrates": {
        "pull_P2": 0.3070064299636417,
        "pull_C": 0.31832898888323036,
        "baseline_P1": 0.40780736953020097
      },
      "Aristotle": {
        "pull_P2": 0.3058389263020622,
        "pull_C": 0.30975809759563877,
        "baseline_P1": 0.43500404834747314
      },
      "Einstein": {
        "pull_P2": 0.3059470196564993,
        "pull_C": 0.31842991974618695,
        "baseline_P1": 0.370713484287262
      },
      "Mozart": {
        "pull_P2": 0.39459119935830433,
        "pull_C": 0.40068413681454135,
        "baseline_P1": 0.3491549038887024
      },
      "Shakespeare": {
        "pull_P2": 0.3327617900239097,
        "pull_C": 0.33782526519563466,
        "baseline_P1": 0.37784928649663924
      },
      "Cleopatra": {
        "pull_P2": 0.4208316779798932,
        "pull_C": 0.43246681723329755,
        "baseline_P1": 0.38545738071203234
      },
      "Darwin": {
        "pull_P2": 0.33707473377386726,
        "pull_C": 0.35884507861402304,
        "baseline_P1": 0.4503252848982811
      },
      "Galileo": {
        "pull_P2": 0.34556135369671714,
        "pull_C": 0.35739394757482745,