{
  "displacement": {
    "eat->carry": {
      "mean_displacement_cosine": 0.6958558107208874,
      "std": 0.097954600879877,
      "mean_alignment": 0.8368599340319633,
      "displacement_magnitude": 0.5811876058578491,
      "same_subj": 0.7987552772143057,
      "same_obj": 0.7796192702704242,
      "neither": 0.6691896784290368
    },
    "eat->watch": {
      "mean_displacement_cosine": 0.6827208135750086,
      "std": 0.09972640851885059,
      "mean_alignment": 0.8291706824675202,
      "displacement_magnitude": 0.6189079880714417,
      "same_subj": 0.7788848882274968,
      "same_obj": 0.7644889313461525,
      "neither": 0.657301928943061
    },
    "eat->destroy": {
      "mean_displacement_cosine": 0.6814006243921107,
      "std": 0.1306585810480514,
      "mean_alignment": 0.8281118213199079,
      "displacement_magnitude": 0.5459197759628296,
      "same_subj": 0.7751632860994765,
      "same_obj": 0.7730671715523515,
      "neither": 0.654910737411024
    },
    "eat->collect": {
      "mean_displacement_cosine": 0.7096112121990512,
      "std": 0.09130716936437958,
      "mean_alignment": 0.8448978420346975,
      "displacement_magnitude": 0.5440986156463623,
      "same_subj": 0.8043015258652824,
      "same_obj": 0.7926516069897583,
      "neither": 0.6842211109909172
    },
    "eat->chase": {
      "mean_displacement_cosine": 0.7007558891727101,
      "std": 0.10301959976246935,
      "mean_alignment": 0.8397509576752782,
      "displacement_magnitude": 0.612401008605957,
      "same_subj": 0.79142380106662,
      "same_obj": 0.7769696806956615,
      "neither": 0.6769156458274442
    },
    "eat->paint": {
      "mean_displacement_cosine": 0.7674075229359525,
      "std": 0.08089676235008816,
      "mean_alignment": 0.8780413027852774,
      "displacement_magnitude": 0.674028217792511,
      "same_subj": 0.8495692243533475,
      "same_obj": 0.8255760031087058,
      "neither": 0.7473603541373598
    },
    "eat->hide": {
      "mean_displacement_cosine": 0.7580934772267938,
      "std": 0.07535722092415761,
      "mean_alignment": 0.8727796468883753,
      "displacement_magnitude": 0.6250983476638794,
      "same_subj": 0.8281094546296767,
      "same_obj": 0.840472140748586,
      "neither": 0.7363228142375544
    },
    "carry->watch": {
      "mean_displacement_cosine": 0.6383549857899429,
      "std": 0.11700102893006106,
      "mean_alignment": 0.8022143943235278,
      "displacement_magnitude": 0.4896664023399353,
      "same_subj": 0.7326381229130285,
      "same_obj": 0.7465383359896285,
      "neither": 0.6094312018866898
    },
    "carry->destroy": {
      "mean_displacement_cosine": 0.7351564864317576,
      "std": 0.0946938248487941,
      "mean_alignment": 0.8596554566174746,
      "displacement_magnitude": 0.6035683155059814,
      "same_subj": 0.8012589445071561,
      "same_obj": 0.8405847208840507,
      "neither": 0.7106521017849445
    },
    "carry->collect": {
      "mean_displacement_cosine": 0.6680791846639107,
      "std": 0.10324609701963994,
      "mean_alignment": 0.8203909229487181,
      "displacement_magnitude": 0.3795211911201477,
      "same_subj": 0.7576651948371104,
      "same_obj": 0.7761447099702699,
      "neither": 0.6398432510239738
    },
    "carry->chase": {
      "mean_displacement_cosine": 0.6564743569682515,
      "std": 0.11787152400889478,
      "mean_alignment": 0.8132477281615138,
      "displacement_magnitude": 0.4958764314651489,
      "same_subj": 0.7424267647521836,
      "same_obj": 0.7637471621856093,
      "neither": 0.6288707551109244
    },
    "carry->paint": {
      "mean_displacement_cosine": 0.7526593791350485,
      "std": 0.08343300907531359,
      "mean_alignment": 0.8696621926501393,
      "displacement_magnitude": 0.5729103088378906,
      "same_subj": 0.811422769512449,
      "same_obj": 0.8413631886776004,
      "neither": 0.7315926362893411
    },
    "carry->hide": {
      "mean_displacement_cosine": 0.7323314740603405,
      "std": 0.08553495801694591,
      "mean_alignment": 0.8580441502854228,
      "displacement_magnitude": 0.523059606552124,
      "same_subj": 0.7851487611021314,
      "same_obj": 0.8508448403860841,
      "neither": 0.7078556664364071
    },
    "watch->destroy": {
      "mean_displacement_cosine": 0.7421855119663099,
      "std": 0.09281982539584806,
      "mean_alignment": 0.8637759843841195,
      "displacement_magnitude": 0.6725689172744751,
      "same_subj": 0.8047104245051742,
      "same_obj": 0.8292492717238409,
      "neither": 0.7208157016382534
    },
    "watch->collect": {
      "mean_displacement_cosine": 0.639913567800134,
      "std": 0.10606264782125456,
      "mean_alignment": 0.8029824085533619,
      "displacement_magnitude": 0.4584712088108063,
      "same_subj": 0.7079033858275839,
      "same_obj": 0.7808403714693019,
      "neither": 0.6100683361291885
    },
    "watch->chase": {
      "mean_displacement_cosine": 0.6823557064765029,
      "std": 0.12838365541061278,
      "mean_alignment": 0.8288143901154399,
      "displacement_magnitude": 0.5047096014022827,
      "same_subj": 0.7604392617940903,
      "same_obj": 0.7595232685229608,
      "neither": 0.6601769754244965
    },
    "watch->paint": {
      "mean_displacement_cosine": 0.7877725130242724,
      "std": 0.07042432924231783,
      "mean_alignment": 0.8893687417730689,
      "displacement_magnitude": 0.610285758972168,
      "same_subj": 0.8377738262393645,
      "same_obj": 0.8544969162238496,
      "neither": 0.7710974106793197
    },
    "watch->hide": {
      "mean_displacement_cosine": 0.7170290741478167,
      "std": 0.10321969688155902,
      "mean_alignment": 0.8491150923073292,
      "displacement_magnitude": 0.5643983483314514,
      "same_subj": 0.7793902323714325,
      "same_obj": 0.8185315474069544,
      "neither": 0.6936199839359948
    },
    "destroy->collect": {
      "mean_displacement_cosine": 0.7321095107685006,
      "std": 0.09104299690906946,
      "mean_alignment": 0.8579387506470084,
      "displacement_magnitude": 0.567237138748169,
      "same_subj": 0.793149696663022,
      "same_obj": 0.8430024018245084,
      "neither": 0.7075476426327106
    },
    "destroy->chase": {
      "mean_displacement_cosine": 0.7557779789444,
      "std": 0.0959848721810824,
      "mean_alignment": 0.8714006524533033,
      "displacement_magnitude": 0.64524245262146,
      "same_subj": 0.8156921932739871,
      "same_obj": 0.8351129809660571,
      "neither": 0.7358852337513652
    },
    "destroy->paint": {
      "mean_displacement_cosine": 0.7879285592260579,
      "std": 0.08198892979207208,
      "mean_alignment": 0.8894526157528162,
      "displacement_magnitude": 0.6474153399467468,
      "same_subj": 0.8417091146111488,
      "same_obj": 0.8665019805942263,
      "neither": 0.7690208482613065
    },
    "destroy->hide": {
      "mean_displacement_cosine": 0.7941022346032753,
      "std": 0.07375972125195933,
      "mean_alignment": 0.8928949488326907,
      "displacement_magnitude": 0.5822499990463257,
      "same_subj": 0.8480800294450351,
      "same_obj": 0.8713332217718873,
      "neither": 0.7753581228875079
    },
    "collect->chase": {
      "mean_displacement_cosine": 0.6625543844161762,
      "std": 0.11676081597187171,
      "mean_alignment": 0.816752172075212,
      "displacement_magnitude": 0.48524418473243713,
      "same_subj": 0.7336671356377857,
      "same_obj": 0.7818920859800917,
      "neither": 0.6353471768753869
    },
    "collect->paint": {
      "mean_displacement_cosine": 0.7596719255670905,
      "std": 0.08317966895489193,
      "mean_alignment": 0.8736359542235732,
      "displacement_magnitude": 0.5359302759170532,
      "same_subj": 0.8091362177261284,
      "same_obj": 0.8560599969433886,
      "neither": 0.738835873633471
    },
    "collect->hide": {
      "mean_displacement_cosine": 0.7502542733554802,
      "std": 0.0784360841947598,
      "mean_alignment": 0.868315109051764,